[
    {
        "UniqueOrderRef": "1",
        "EntryCreationDate": "8/2/19",
        "OrderRecordDate": "8/2/19",
        "DemandName": "Annette Black",
        "SAPIName": "Sarfin Inc.",
        "Country": "Bahrain",
        "BackEndSystem": "HUB",
        "Channel": "CMB",
        "RequestorContact": "Theresa Webb",
        "OSSOverallContact": "Cameron Williamson",
        "CoreBankingSystemContact": "Wade Warren",
        "GBGF": "RBWM",
        "MultiCountry": "Y",
        "APILifecycleStage": "Production",
        "TargetLiveDate": "6/21/19",
        "TotalOSSL0Estimates": "13.5",
        "OSSAPIL0Estimates": "13.5",
        "CBSystemL0Estimates": "13.5",
        "GPDMInterlockBPID": "903570",
        "DemandGovernance": "8/15/17",
        "Platfrom": "DTP",
        "APIType": "TRUE SAPI",
        "Capability": "Customer",
        "Feature": "Customer Maintenacne",
        "Service": "Customer Creation and Service",
        "ChannelAgnostic": "Customer & Staff Channel  Agnostic",
        "DemandClassification": "New",
        "ReusabilityScore": "100",
        "SAPIRefNumber": "CBIL-49560",
        "OldSAPIRefNumber": "CBIL-49560",
        "DesignReviewApproval": "11/7/16",
        "DesignApproval": "11/7/16",
        "FinalApproval": "-",
        "TargetDateOFNextMilestone": "8/2/19",
        "NextMiletoneRAGStatus": "1/28/17",
        "TargetOverallDelivery": "5/27/15",
        "OverallDeliveryRAGStatus": "10/6/13"
    },
    {
        "UniqueOrderRef": "2",
        "EntryCreationDate": "8/2/19",
        "OrderRecordDate": "8/2/19",
        "DemandName": "Annette Black",
        "SAPIName": "Sarfin Inc.",
        "Country": "Bahrain",
        "BackEndSystem": "HUB",
        "Channel": "CMB",
        "RequestorContact": "Theresa Webb",
        "OSSOverallContact": "Cameron Williamson",
        "CoreBankingSystemContact": "Wade Warren",
        "GBGF": "RBWM",
        "MultiCountry": "Y",
        "APILifecycleStage": "Production",
        "TargetLiveDate": "6/21/19",
        "TotalOSSL0Estimates": "13.5",
        "OSSAPIL0Estimates": "13.5",
        "CBSystemL0Estimates": "13.5",
        "GPDMInterlockBPID": "903570",
        "DemandGovernance": "8/15/17",
        "Platfrom": "DTP",
        "APIType": "TRUE SAPI",
        "Capability": "Customer",
        "Feature": "Customer Maintenacne",
        "Service": "Customer Creation and Service",
        "ChannelAgnostic": "Customer & Staff Channel  Agnostic",
        "DemandClassification": "New",
        "ReusabilityScore": "100",
        "SAPIRefNumber": "CBIL-49560",
        "OldSAPIRefNumber": "CBIL-49560",
        "DesignReviewApproval": "11/7/16",
        "DesignApproval": "11/7/16",
        "FinalApproval": "-",
        "TargetDateOFNextMilestone": "8/2/19",
        "NextMiletoneRAGStatus": "1/28/17",
        "TargetOverallDelivery": "5/27/15",
        "OverallDeliveryRAGStatus": "10/6/13"
    },
    {
        "UniqueOrderRef": "3",
        "EntryCreationDate": "8/2/19",
        "OrderRecordDate": "8/2/19",
        "DemandName": "Annette Black",
        "SAPIName": "Sarfin Inc.",
        "Country": "Bahrain",
        "BackEndSystem": "HUB",
        "Channel": "CMB",
        "RequestorContact": "Theresa Webb",
        "OSSOverallContact": "Cameron Williamson",
        "CoreBankingSystemContact": "Wade Warren",
        "GBGF": "RBWM",
        "MultiCountry": "Y",
        "APILifecycleStage": "Production",
        "TargetLiveDate": "6/21/19",
        "TotalOSSL0Estimates": "13.5",
        "OSSAPIL0Estimates": "13.5",
        "CBSystemL0Estimates": "13.5",
        "GPDMInterlockBPID": "903570",
        "DemandGovernance": "8/15/17",
        "Platfrom": "DTP",
        "APIType": "TRUE SAPI",
        "Capability": "Customer",
        "Feature": "Customer Maintenacne",
        "Service": "Customer Creation and Service",
        "ChannelAgnostic": "Customer & Staff Channel  Agnostic",
        "DemandClassification": "New",
        "ReusabilityScore": "100",
        "SAPIRefNumber": "CBIL-49560",
        "OldSAPIRefNumber": "CBIL-49560",
        "DesignReviewApproval": "11/7/16",
        "DesignApproval": "11/7/16",
        "FinalApproval": "-",
        "TargetDateOFNextMilestone": "8/2/19",
        "NextMiletoneRAGStatus": "1/28/17",
        "TargetOverallDelivery": "5/27/15",
        "OverallDeliveryRAGStatus": "10/6/13"
    },
    {
        "UniqueOrderRef": "4",
        "EntryCreationDate": "8/2/19",
        "OrderRecordDate": "8/2/19",
        "DemandName": "Annette Black",
        "SAPIName": "Sarfin Inc.",
        "Country": "Bahrain",
        "BackEndSystem": "HUB",
        "Channel": "CMB",
        "RequestorContact": "Theresa Webb",
        "OSSOverallContact": "Cameron Williamson",
        "CoreBankingSystemContact": "Wade Warren",
        "GBGF": "RBWM",
        "MultiCountry": "Y",
        "APILifecycleStage": "Production",
        "TargetLiveDate": "6/21/19",
        "TotalOSSL0Estimates": "13.5",
        "OSSAPIL0Estimates": "13.5",
        "CBSystemL0Estimates": "13.5",
        "GPDMInterlockBPID": "903570",
        "DemandGovernance": "8/15/17",
        "Platfrom": "DTP",
        "APIType": "TRUE SAPI",
        "Capability": "Customer",
        "Feature": "Customer Maintenacne",
        "Service": "Customer Creation and Service",
        "ChannelAgnostic": "Customer & Staff Channel  Agnostic",
        "DemandClassification": "New",
        "ReusabilityScore": "100",
        "SAPIRefNumber": "CBIL-49560",
        "OldSAPIRefNumber": "CBIL-49560",
        "DesignReviewApproval": "11/7/16",
        "DesignApproval": "11/7/16",
        "FinalApproval": "-",
        "TargetDateOFNextMilestone": "8/2/19",
        "NextMiletoneRAGStatus": "1/28/17",
        "TargetOverallDelivery": "5/27/15",
        "OverallDeliveryRAGStatus": "10/6/13"
    },
    {
        "UniqueOrderRef": "5",
        "EntryCreationDate": "8/2/19",
        "OrderRecordDate": "8/2/19",
        "DemandName": "Annette Black",
        "SAPIName": "Sarfin Inc.",
        "Country": "Bahrain",
        "BackEndSystem": "HUB",
        "Channel": "CMB",
        "RequestorContact": "Theresa Webb",
        "OSSOverallContact": "Cameron Williamson",
        "CoreBankingSystemContact": "Wade Warren",
        "GBGF": "RBWM",
        "MultiCountry": "Y",
        "APILifecycleStage": "Production",
        "TargetLiveDate": "6/21/19",
        "TotalOSSL0Estimates": "13.5",
        "OSSAPIL0Estimates": "13.5",
        "CBSystemL0Estimates": "13.5",
        "GPDMInterlockBPID": "903570",
        "DemandGovernance": "8/15/17",
        "Platfrom": "DTP",
        "APIType": "TRUE SAPI",
        "Capability": "Customer",
        "Feature": "Customer Maintenacne",
        "Service": "Customer Creation and Service",
        "ChannelAgnostic": "Customer & Staff Channel  Agnostic",
        "DemandClassification": "New",
        "ReusabilityScore": "100",
        "SAPIRefNumber": "CBIL-49560",
        "OldSAPIRefNumber": "CBIL-49560",
        "DesignReviewApproval": "11/7/16",
        "DesignApproval": "11/7/16",
        "FinalApproval": "-",
        "TargetDateOFNextMilestone": "8/2/19",
        "NextMiletoneRAGStatus": "1/28/17",
        "TargetOverallDelivery": "5/27/15",
        "OverallDeliveryRAGStatus": "10/6/13"
    },
    {
        "UniqueOrderRef": "6",
        "EntryCreationDate": "8/2/19",
        "OrderRecordDate": "8/2/19",
        "DemandName": "Annette Black",
        "SAPIName": "Sarfin Inc.",
        "Country": "Bahrain",
        "BackEndSystem": "HUB",
        "Channel": "CMB",
        "RequestorContact": "Theresa Webb",
        "OSSOverallContact": "Cameron Williamson",
        "CoreBankingSystemContact": "Wade Warren",
        "GBGF": "RBWM",
        "MultiCountry": "Y",
        "APILifecycleStage": "Production",
        "TargetLiveDate": "6/21/19",
        "TotalOSSL0Estimates": "13.5",
        "OSSAPIL0Estimates": "13.5",
        "CBSystemL0Estimates": "13.5",
        "GPDMInterlockBPID": "903570",
        "DemandGovernance": "8/15/17",
        "Platfrom": "DTP",
        "APIType": "TRUE SAPI",
        "Capability": "Customer",
        "Feature": "Customer Maintenacne",
        "Service": "Customer Creation and Service",
        "ChannelAgnostic": "Customer & Staff Channel  Agnostic",
        "DemandClassification": "New",
        "ReusabilityScore": "100",
        "SAPIRefNumber": "CBIL-49560",
        "OldSAPIRefNumber": "CBIL-49560",
        "DesignReviewApproval": "11/7/16",
        "DesignApproval": "11/7/16",
        "FinalApproval": "-",
        "TargetDateOFNextMilestone": "8/2/19",
        "NextMiletoneRAGStatus": "1/28/17",
        "TargetOverallDelivery": "5/27/15",
        "OverallDeliveryRAGStatus": "10/6/13"
    },
    {
        "UniqueOrderRef": "7",
        "EntryCreationDate": "8/2/19",
        "OrderRecordDate": "8/2/19",
        "DemandName": "Annette Black",
        "SAPIName": "Sarfin Inc.",
        "Country": "Bahrain",
        "BackEndSystem": "HUB",
        "Channel": "CMB",
        "RequestorContact": "Theresa Webb",
        "OSSOverallContact": "Cameron Williamson",
        "CoreBankingSystemContact": "Wade Warren",
        "GBGF": "RBWM",
        "MultiCountry": "Y",
        "APILifecycleStage": "Production",
        "TargetLiveDate": "6/21/19",
        "TotalOSSL0Estimates": "13.5",
        "OSSAPIL0Estimates": "13.5",
        "CBSystemL0Estimates": "13.5",
        "GPDMInterlockBPID": "903570",
        "DemandGovernance": "8/15/17",
        "Platfrom": "DTP",
        "APIType": "TRUE SAPI",
        "Capability": "Customer",
        "Feature": "Customer Maintenacne",
        "Service": "Customer Creation and Service",
        "ChannelAgnostic": "Customer & Staff Channel  Agnostic",
        "DemandClassification": "New",
        "ReusabilityScore": "100",
        "SAPIRefNumber": "CBIL-49560",
        "OldSAPIRefNumber": "CBIL-49560",
        "DesignReviewApproval": "11/7/16",
        "DesignApproval": "11/7/16",
        "FinalApproval": "-",
        "TargetDateOFNextMilestone": "8/2/19",
        "NextMiletoneRAGStatus": "1/28/17",
        "TargetOverallDelivery": "5/27/15",
        "OverallDeliveryRAGStatus": "10/6/13"
    },
    {
        "UniqueOrderRef": "8",
        "EntryCreationDate": "8/2/19",
        "OrderRecordDate": "8/2/19",
        "DemandName": "Annette Black",
        "SAPIName": "Sarfin Inc.",
        "Country": "Bahrain",
        "BackEndSystem": "HUB",
        "Channel": "CMB",
        "RequestorContact": "Theresa Webb",
        "OSSOverallContact": "Cameron Williamson",
        "CoreBankingSystemContact": "Wade Warren",
        "GBGF": "RBWM",
        "MultiCountry": "Y",
        "APILifecycleStage": "Production",
        "TargetLiveDate": "6/21/19",
        "TotalOSSL0Estimates": "13.5",
        "OSSAPIL0Estimates": "13.5",
        "CBSystemL0Estimates": "13.5",
        "GPDMInterlockBPID": "903570",
        "DemandGovernance": "8/15/17",
        "Platfrom": "DTP",
        "APIType": "TRUE SAPI",
        "Capability": "Customer",
        "Feature": "Customer Maintenacne",
        "Service": "Customer Creation and Service",
        "ChannelAgnostic": "Customer & Staff Channel  Agnostic",
        "DemandClassification": "New",
        "ReusabilityScore": "100",
        "SAPIRefNumber": "CBIL-49560",
        "OldSAPIRefNumber": "CBIL-49560",
        "DesignReviewApproval": "11/7/16",
        "DesignApproval": "11/7/16",
        "FinalApproval": "-",
        "TargetDateOFNextMilestone": "8/2/19",
        "NextMiletoneRAGStatus": "1/28/17",
        "TargetOverallDelivery": "5/27/15",
        "OverallDeliveryRAGStatus": "10/6/13"
    },
    {
        "UniqueOrderRef": "9",
        "EntryCreationDate": "8/2/19",
        "OrderRecordDate": "8/2/19",
        "DemandName": "Annette Black",
        "SAPIName": "Sarfin Inc.",
        "Country": "Bahrain",
        "BackEndSystem": "HUB",
        "Channel": "CMB",
        "RequestorContact": "Theresa Webb",
        "OSSOverallContact": "Cameron Williamson",
        "CoreBankingSystemContact": "Wade Warren",
        "GBGF": "RBWM",
        "MultiCountry": "Y",
        "APILifecycleStage": "Production",
        "TargetLiveDate": "6/21/19",
        "TotalOSSL0Estimates": "13.5",
        "OSSAPIL0Estimates": "13.5",
        "CBSystemL0Estimates": "13.5",
        "GPDMInterlockBPID": "903570",
        "DemandGovernance": "8/15/17",
        "Platfrom": "DTP",
        "APIType": "TRUE SAPI",
        "Capability": "Customer",
        "Feature": "Customer Maintenacne",
        "Service": "Customer Creation and Service",
        "ChannelAgnostic": "Customer & Staff Channel  Agnostic",
        "DemandClassification": "New",
        "ReusabilityScore": "100",
        "SAPIRefNumber": "CBIL-49560",
        "OldSAPIRefNumber": "CBIL-49560",
        "DesignReviewApproval": "11/7/16",
        "DesignApproval": "11/7/16",
        "FinalApproval": "-",
        "TargetDateOFNextMilestone": "8/2/19",
        "NextMiletoneRAGStatus": "1/28/17",
        "TargetOverallDelivery": "5/27/15",
        "OverallDeliveryRAGStatus": "10/6/13"
    },
    {
        "UniqueOrderRef": "10",
        "EntryCreationDate": "8/2/19",
        "OrderRecordDate": "8/2/19",
        "DemandName": "Annette Black",
        "SAPIName": "Sarfin Inc.",
        "Country": "Bahrain",
        "BackEndSystem": "HUB",
        "Channel": "CMB",
        "RequestorContact": "Theresa Webb",
        "OSSOverallContact": "Cameron Williamson",
        "CoreBankingSystemContact": "Wade Warren",
        "GBGF": "RBWM",
        "MultiCountry": "Y",
        "APILifecycleStage": "Production",
        "TargetLiveDate": "6/21/19",
        "TotalOSSL0Estimates": "13.5",
        "OSSAPIL0Estimates": "13.5",
        "CBSystemL0Estimates": "13.5",
        "GPDMInterlockBPID": "903570",
        "DemandGovernance": "8/15/17",
        "Platfrom": "DTP",
        "APIType": "TRUE SAPI",
        "Capability": "Customer",
        "Feature": "Customer Maintenacne",
        "Service": "Customer Creation and Service",
        "ChannelAgnostic": "Customer & Staff Channel  Agnostic",
        "DemandClassification": "New",
        "ReusabilityScore": "100",
        "SAPIRefNumber": "CBIL-49560",
        "OldSAPIRefNumber": "CBIL-49560",
        "DesignReviewApproval": "11/7/16",
        "DesignApproval": "11/7/16",
        "FinalApproval": "-",
        "TargetDateOFNextMilestone": "8/2/19",
        "NextMiletoneRAGStatus": "1/28/17",
        "TargetOverallDelivery": "5/27/15",
        "OverallDeliveryRAGStatus": "10/6/13"
    }
]
