[
    {
        "name": "Homepage",
        "title": "Homepage",
        "path": "/home-page",
        "children": [
            {
                "name": "Homepage",
                "title": "Homepage",
                "path": "/home-page",
                "auth": [
                    "ROLE_01",
                    "ROLE_02",
                    "ROLE_03",
                    "ROLE_04",
                    "ROLE_05",
                    "ROLE_06",
                    "ROLE_07",
                    "ROLE_08",
                    "ROLE_09"
                ]
            }
        ],
        "auth": [
            "ROLE_01",
            "ROLE_02",
            "ROLE_03",
            "ROLE_04",
            "ROLE_05",
            "ROLE_06",
            "ROLE_07",
            "ROLE_08",
            "ROLE_09"
        ]
    },
    {
        "name": "API Demand",
        "title": "API Demand",
        "children": [
            {
                "name": "API Demand Request List",
                "title": "API Demand Request List",
                "path": "/pages/api-demand-request-list",
                "auth": [
                    "ROLE_01",
                    "ROLE_02",
                    "ROLE_03",
                    "ROLE_04",
                    "ROLE_05",
                    "ROLE_06",
                    "ROLE_07",
                    "ROLE_08",
                    "ROLE_09"
                ]
            },
            {
                "name": "Raise API Demand Request",
                "title": "Raise API Demand Request",
                "path": "/pages/demand-request-form",
                "auth": ["ROLE_01"]
            }
        ],
        "auth": [
            "ROLE_01",
            "ROLE_02",
            "ROLE_03",
            "ROLE_04",
            "ROLE_05",
            "ROLE_06",
            "ROLE_07",
            "ROLE_08",
            "ROLE_09"
        ]
    },
    {
        "name": "API Review",
        "title": "API Review",
        "children": [
            {
                "name": "API Review Request List",
                "title": "API Review Request List",
                "path": "/pages/api-review-request-list",
                "auth": [
                    "ROLE_01",
                    "ROLE_02",
                    "ROLE_03",
                    "ROLE_04",
                    "ROLE_05",
                    "ROLE_06",
                    "ROLE_07",
                    "ROLE_08",
                    "ROLE_09"
                ]
            }
        ],
        "auth": [
            "ROLE_01",
            "ROLE_02",
            "ROLE_03",
            "ROLE_04",
            "ROLE_05",
            "ROLE_06",
            "ROLE_07",
            "ROLE_08",
            "ROLE_09"
        ]
    },
    {
        "name": "API Catalogue",
        "title": "API Catalogue",
        "children": [
            {
                "name": "API Catalogue",
                "title": "API Catalogue",
                "path": "/pages/api-catalogue",
                "auth": [
                    "ROLE_01",
                    "ROLE_02",
                    "ROLE_03",
                    "ROLE_04",
                    "ROLE_05",
                    "ROLE_06",
                    "ROLE_07",
                    "ROLE_08",
                    "ROLE_09"
                ]
            },
            {
                "name": "Capability Catalogue",
                "title": "Capability Catalogue",
                "path": "/pages/capability-catalogue",
                "auth": [
                    "ROLE_01",
                    "ROLE_02",
                    "ROLE_03",
                    "ROLE_04",
                    "ROLE_05",
                    "ROLE_06",
                    "ROLE_07",
                    "ROLE_08",
                    "ROLE_09"
                ]
            }
        ],
        "auth": [
            "ROLE_01",
            "ROLE_02",
            "ROLE_03",
            "ROLE_04",
            "ROLE_05",
            "ROLE_06",
            "ROLE_07",
            "ROLE_08",
            "ROLE_09"
        ]
    }
]
