{
    "allall": [
        { "value": 586, "name": "New" },
        { "value": 57, "name": "New to Replace" },
        { "value": 33, "name": "Reuse with Version Change" },
        { "value": 40, "name": "Reuse with Minor Change" },
        { "value": 176, "name": "Reuse Direct" }
    ],
    "01all": [{ "value": 586, "name": "New" }],
    "02all": [{ "value": 57, "name": "New to Replace" }],
    "03all": [{ "value": 33, "name": "Reuse with Version Change" }],
    "04all": [{ "value": 40, "name": "Reuse with Minor Change" }],
    "05all": [{ "value": 176, "name": "Reuse Direct" }],
    "allProduct": [
        { "value": 628, "name": "HUB" },
        { "value": 84, "name": "OBS" },
        { "value": 96, "name": "RPS" },
        { "value": 86, "name": "HOGAN" }
    ],
    "01Product": [
        { "value": 424, "name": "HUB" },
        { "value": 28, "name": "OBS" },
        { "value": 72, "name": "RPS" },
        { "value": 62, "name": "HOGAN" }
    ],
    "02Product": [
        { "value": 42, "name": "HUB" },
        { "value": 5, "name": "OBS" },
        { "value": 7, "name": "RPS" },
        { "value": 3, "name": "HOGAN" }
    ],
    "03Product": [
        { "value": 22, "name": "HUB" },
        { "value": 2, "name": "OBS" },
        { "value": 4, "name": "RPS" },
        { "value": 5, "name": "HOGAN" }
    ],
    "04Product": [
        { "value": 25, "name": "HUB" },
        { "value": 5, "name": "OBS" },
        { "value": 7, "name": "RPS" },
        { "value": 3, "name": "HOGAN" }
    ],
    "05Product": [
        { "value": 72, "name": "HUB" },
        { "value": 30, "name": "OBS" },
        { "value": 42, "name": "RPS" },
        { "value": 32, "name": "HOGAN" }
    ],
    "allRegion": [
        { "value": 442, "name": "ASP" },
        { "value": 248, "name": "EU" },
        { "value": 47, "name": "MENA" },
        { "value": 155, "name": "NA" }
    ],
    "01Region": [
        { "value": 87, "name": "ASP" },
        { "value": 150, "name": "EU" },
        { "value": 149, "name": "MENA" },
        { "value": 200, "name": "NA" }
    ],
    "02Region": [
        { "value": 9, "name": "ASP" },
        { "value": 8, "name": "EU" },
        { "value": 39, "name": "MENA" },
        { "value": 1, "name": "NA" }
    ],
    "03Region": [
        { "value": 8, "name": "ASP" },
        { "value": 7, "name": "EU" },
        { "value": 1, "name": "MENA" },
        { "value": 17, "name": "NA" }
    ],
    "04Region": [
        { "value": 29, "name": "ASP" },
        { "value": 3, "name": "EU" },
        { "value": 7, "name": "MENA" },
        { "value": 1, "name": "NA" }
    ],
    "05Region": [
        { "value": 9, "name": "ASP" },
        { "value": 8, "name": "EU" },
        { "value": 39, "name": "MENA" },
        { "value": 1, "name": "NA" }
    ],
    "allCapability": [
        { "value": 212, "name": "Product Management" },
        { "value": 143, "name": "Customer" },
        { "value": 89, "name": "Account & Transaction Management" },
        { "value": 172, "name": "Payment" },
        { "value": 49, "name": "Shared Utilities" },
        { "value": 227, "name": "Proposition Management" }
    ],
    "01Capability": [
        { "value": 90, "name": "Product Management" },
        { "value": 13, "name": "Customer" },
        { "value": 127, "name": "Account & Transaction Management" },
        { "value": 132, "name": "Payment" },
        { "value": 185, "name": "Shared Utilities" },
        { "value": 39, "name": "Proposition Management" }
    ],
    "02Capability": [
        { "value": 90, "name": "Product Management" },
        { "value": 13, "name": "Customer" },
        { "value": 127, "name": "Account & Transaction Management" },
        { "value": 132, "name": "Payment" },
        { "value": 185, "name": "Shared Utilities" },
        { "value": 39, "name": "Proposition Management" }
    ],
    "03Capability": [
        { "value": 9, "name": "Product Management" },
        { "value": 1, "name": "Customer" },
        { "value": 9, "name": "Account & Transaction Management" },
        { "value": 3, "name": "Payment" },
        { "value": 3, "name": "Shared Utilities" },
        { "value": 8, "name": "Proposition Management" }
    ],
    "04Capability": [
        { "value": 9, "name": "Product Management" },
        { "value": 1, "name": "Customer" },
        { "value": 9, "name": "Account & Transaction Management" },
        { "value": 3, "name": "Payment" },
        { "value": 3, "name": "Shared Utilities" },
        { "value": 8, "name": "Proposition Management" }
    ],
    "05Capability": [
        { "value": 38, "name": "Product Management" },
        { "value": 10, "name": "Customer" },
        { "value": 67, "name": "Account & Transaction Management" },
        { "value": 5, "name": "Payment" },
        { "value": 37, "name": "Shared Utilities" },
        { "value": 19, "name": "Proposition Management" }
    ],
    "allGB/GF": [
        { "value": 212, "name": "Product Management" },
        { "value": 143, "name": "Customer" },
        { "value": 89, "name": "Account & Transaction Management" },
        { "value": 172, "name": "Payment" },
        { "value": 49, "name": "Shared Utilities" },
        { "value": 227, "name": "Proposition Management" }
    ],
    "01GB/GF": [
        { "value": 90, "name": "Product Management" },
        { "value": 13, "name": "Customer" },
        { "value": 127, "name": "Account & Transaction Management" },
        { "value": 132, "name": "Payment" },
        { "value": 185, "name": "Shared Utilities" },
        { "value": 39, "name": "Proposition Management" }
    ],
    "02GB/GF": [
        { "value": 90, "name": "Product Management" },
        { "value": 13, "name": "Customer" },
        { "value": 127, "name": "Account & Transaction Management" },
        { "value": 132, "name": "Payment" },
        { "value": 185, "name": "Shared Utilities" },
        { "value": 39, "name": "Proposition Management" }
    ],
    "03GB/GF": [
        { "value": 9, "name": "Product Management" },
        { "value": 1, "name": "Customer" },
        { "value": 9, "name": "Account & Transaction Management" },
        { "value": 3, "name": "Payment" },
        { "value": 3, "name": "Shared Utilities" },
        { "value": 8, "name": "Proposition Management" }
    ],
    "04GB/GF": [
        { "value": 9, "name": "Product Management" },
        { "value": 1, "name": "Customer" },
        { "value": 9, "name": "Account & Transaction Management" },
        { "value": 3, "name": "Payment" },
        { "value": 3, "name": "Shared Utilities" },
        { "value": 8, "name": "Proposition Management" }
    ],
    "05GB/GF": [
        { "value": 38, "name": "Product Management" },
        { "value": 10, "name": "Customer" },
        { "value": 67, "name": "Account & Transaction Management" },
        { "value": 5, "name": "Payment" },
        { "value": 37, "name": "Shared Utilities" },
        { "value": 19, "name": "Proposition Management" }
    ]
}
